{
  "src": [
    "sounds.mp3"
  ],
  "sprite": {
    "click1": [
      0,
      198.82086167800452
    ],
    "click2": [
      448.8208616780045,
      178.50340136054422
    ],
    "click3": [
      877.3242630385487,
      129.16099773242632
    ]
  }
}