{
  "pkd": [
    {
      "c": "#9ae6e3",
      "s": [
        1,
        1,
        1,
        1
      ],
      "_": [
        {
          "c": "#1765f4",
          "s": [
            184,
            199
          ],
          "o": [
            -47,
            -20
          ],
          "e": {
            "O": 1,
            "E": [
              {
                "O": 1,
                "n": "lightning",
                "__angleMod": 2,
                "__geometryMod": 1,
                "du": 0.4,
                "bd": 2,
                "tx": "lghtn_",
                "L": [
                  0.8,
                  0
                ],
                "Y": [
                  13
                ],
                "ec": [
                  {
                    "cT": "d",
                    "di": [
                      0,
                      666
                    ],
                    "ve": [
                      0,
                      200
                    ],
                    "si": [
                      190
                    ],
                    "sf": [
                      [
                        [
                          0,
                          -0.002357442399531411,
                          8
                        ],
                        [
                          0.6433628318584067,
                          0.7659439953788324,
                          15
                        ],
                        [
                          1,
                          0
                        ],
                        [
                          0.265486725663717,
                          0.8033918239810134,
                          15
                        ]
                      ]
                    ]
                  },
                  {
                    "cT": "c",
                    "co": {
                      "r": [
                        200,
                        30
                      ],
                      "g": [
                        200,
                        30
                      ],
                      "b": [
                        310,
                        40
                      ],
                      "a": [
                        210,
                        10
                      ]
                    },
                    "cf": {
                      "r": [
                        1,
                        0.2
                      ],
                      "g": [
                        1,
                        0.2
                      ],
                      "b": [
                        2.5,
                        0.9
                      ],
                      "a": [
                        1,
                        0.7000000000000001
                      ]
                    }
                  },
                  {
                    "cT": "tgt",
                    "__factor": [
                      [
                        [
                          0,
                          2
                        ],
                        [
                          1,
                          12.695614033763245
                        ],
                        [
                          0.23982300884955746,
                          1.9102797295178413
                        ]
                      ]
                    ],
                    "__target": "target"
                  },
                  {
                    "cT": "tl",
                    "__factor": [
                      0.4
                    ],
                    "__linked": 1,
                    "__reverseParticlesUpdate": 1
                  },
                  {
                    "cT": "uv",
                    "uv": 0,
                    "__uvsType": 0,
                    "__animated": true,
                    "__animationPostfix": [
                      7,
                      6
                    ],
                    "__animationPostfix_factor": [
                      1
                    ]
                  }
                ]
              },
              {
                "O": 1,
                "n": "glow",
                "du": 0.6000000000000001,
                "bd": 2,
                "tx": "prt9",
                "L": [
                  1,
                  0.6000000000000001
                ],
                "Y": [
                  13
                ],
                "ec": [
                  {
                    "cT": "d",
                    "di": [
                      0,
                      666
                    ],
                    "ve": [
                      0,
                      200
                    ],
                    "si": [
                      1000,
                      500
                    ],
                    "sf": [
                      [
                        [
                          0,
                          -0.002357442399531411,
                          12
                        ],
                        [
                          1,
                          0
                        ],
                        [
                          0.2725663716814161,
                          1.0509505878837013,
                          15
                        ]
                      ]
                    ],
                    "sp": [
                      10,
                      200
                    ]
                  },
                  {
                    "cT": "c",
                    "co": {
                      "r": [
                        200,
                        30
                      ],
                      "g": [
                        200,
                        30
                      ],
                      "b": [
                        310,
                        40
                      ],
                      "a": [
                        80,
                        30
                      ]
                    },
                    "cf": [
                      [
                        [
                          0,
                          0.0049874222414230465,
                          21
                        ],
                        [
                          0.34424778761061964,
                          0.4795180675884345
                        ],
                        [
                          0.9982300884955753,
                          -0.0010381731028943344
                        ],
                        [
                          0.5690265486725662,
                          0.409996164153677
                        ],
                        [
                          0.21858407079646042,
                          1.7741603655895621
                        ]
                      ]
                    ]
                  },
                  {
                    "cT": "tgt",
                    "__factor": [
                      [
                        [
                          0,
                          -3.1373398231918217
                        ],
                        [
                          1,
                          2.442965511393733
                        ],
                        [
                          0.09999999999999966,
                          1.0712306837210384
                        ]
                      ]
                    ],
                    "__target": "target"
                  },
                  {
                    "cT": "tl",
                    "__factor": [
                      0.4
                    ],
                    "__linked": 1,
                    "__reverseParticlesUpdate": 1
                  }
                ]
              }
            ]
          }
        }
      ]
    }
  ]
}